FileName,VID,DirName,title,vod_filename,zh_srt,ar_srt,en_srt,level
huoshan/短剧/8233-被偷走爱的那十年（43集）/7.mp4,v0d32eg10064ct2sjhaljht0lktqi3i0,,7,d694af6a-e421-4f70-9f9c-e87428d342ff.mp4,huoshan\短剧\8233-被偷走爱的那十年（43集）\srt_dir\v0d32eg10064ct2sjhaljht0lktqi3i0_Chinese.srt,huoshan\短剧\8233-被偷走爱的那十年（43集）\srt_dir\v0d32eg10064ct2sjhaljht0lktqi3i0_Arabic.srt,huoshan\短剧\8233-被偷走爱的那十年（43集）\srt_dir\v0d32eg10064ct2sjhaljht0lktqi3i0_English.srt,HSK3
huoshan/短剧/8233-被偷走爱的那十年（43集）/41.mp4,v0332eg10064ct2sjiiljhtfkbcagc6g,,41,6ab0136e-98f5-43e1-874a-e8058f7d7c70.mp4,huoshan\短剧\8233-被偷走爱的那十年（43集）\srt_dir\v0332eg10064ct2sjiiljhtfkbcagc6g_Chinese.srt,huoshan\短剧\8233-被偷走爱的那十年（43集）\srt_dir\v0332eg10064ct2sjiiljhtfkbcagc6g_Arabic.srt,huoshan\短剧\8233-被偷走爱的那十年（43集）\srt_dir\v0332eg10064ct2sjiiljhtfkbcagc6g_English.srt,HSK3
huoshan/短剧/8233-被偷走爱的那十年（43集）/40.mp4,v0232eg10064ct2sjjaljhtb9tp0pdcg,,40,fffe8018-ce66-40f1-b863-c2075ad98768.mp4,huoshan\短剧\8233-被偷走爱的那十年（43集）\srt_dir\v0232eg10064ct2sjjaljhtb9tp0pdcg_Chinese.srt,huoshan\短剧\8233-被偷走爱的那十年（43集）\srt_dir\v0232eg10064ct2sjjaljhtb9tp0pdcg_Arabic.srt,huoshan\短剧\8233-被偷走爱的那十年（43集）\srt_dir\v0232eg10064ct2sjjaljhtb9tp0pdcg_English.srt,HSK3
huoshan/短剧/8233-被偷走爱的那十年（43集）/6.mp4,v0d32eg10064ct2sjjqljht60aaulia0,,6,9621919a-3872-4965-9009-5eb2de614071.mp4,huoshan\短剧\8233-被偷走爱的那十年（43集）\srt_dir\v0d32eg10064ct2sjjqljht60aaulia0_Chinese.srt,huoshan\短剧\8233-被偷走爱的那十年（43集）\srt_dir\v0d32eg10064ct2sjjqljht60aaulia0_Arabic.srt,huoshan\短剧\8233-被偷走爱的那十年（43集）\srt_dir\v0d32eg10064ct2sjjqljht60aaulia0_English.srt,HSK3
huoshan/短剧/8233-被偷走爱的那十年（43集）/42.mp4,v0332eg10064ct2sjkqljht3unc11fdg,,42,16f4de0a-be5d-40c8-a932-418028b54f53.mp4,huoshan\短剧\8233-被偷走爱的那十年（43集）\srt_dir\v0332eg10064ct2sjkqljht3unc11fdg_Chinese.srt,huoshan\短剧\8233-被偷走爱的那十年（43集）\srt_dir\v0332eg10064ct2sjkqljht3unc11fdg_Arabic.srt,huoshan\短剧\8233-被偷走爱的那十年（43集）\srt_dir\v0332eg10064ct2sjkqljht3unc11fdg_English.srt,HSK3
huoshan/短剧/8233-被偷走爱的那十年（43集）/4.mp4,v0232eg10064ct2sjliljht676rf4ib0,,4,4c410e37-a8b0-4e43-b369-b5ef51abc28b.mp4,huoshan\短剧\8233-被偷走爱的那十年（43集）\srt_dir\v0232eg10064ct2sjliljht676rf4ib0_Chinese.srt,huoshan\短剧\8233-被偷走爱的那十年（43集）\srt_dir\v0232eg10064ct2sjliljht676rf4ib0_Arabic.srt,huoshan\短剧\8233-被偷走爱的那十年（43集）\srt_dir\v0232eg10064ct2sjliljht676rf4ib0_English.srt,HSK3
huoshan/短剧/8233-被偷走爱的那十年（43集）/5.mp4,v0d32eg10064ct2sjmaljht0lktqi3lg,,5,01317430-50e6-49d6-bbdb-1861ae26c684.mp4,huoshan\短剧\8233-被偷走爱的那十年（43集）\srt_dir\v0d32eg10064ct2sjmaljht0lktqi3lg_Chinese.srt,huoshan\短剧\8233-被偷走爱的那十年（43集）\srt_dir\v0d32eg10064ct2sjmaljht0lktqi3lg_Arabic.srt,huoshan\短剧\8233-被偷走爱的那十年（43集）\srt_dir\v0d32eg10064ct2sjmaljht0lktqi3lg_English.srt,HSK3
huoshan/短剧/8233-被偷走爱的那十年（43集）/43.mp4,v0332eg10064ct2sjnaljhte03cgru1g,,43,e39d3e89-5567-4d00-beb7-4441a599c1a3.mp4,huoshan\短剧\8233-被偷走爱的那十年（43集）\srt_dir\v0332eg10064ct2sjnaljhte03cgru1g_Chinese.srt,huoshan\短剧\8233-被偷走爱的那十年（43集）\srt_dir\v0332eg10064ct2sjnaljhte03cgru1g_Arabic.srt,huoshan\短剧\8233-被偷走爱的那十年（43集）\srt_dir\v0332eg10064ct2sjnaljhte03cgru1g_English.srt,HSK3
huoshan/短剧/8233-被偷走爱的那十年（43集）/1.mp4,v0232eg10064ct2sjnqljhtboopas5d0,,1,b8dd2752-de93-4d70-b0e0-aca53d5ff38a.mp4,huoshan\短剧\8233-被偷走爱的那十年（43集）\srt_dir\v0232eg10064ct2sjnqljhtboopas5d0_Chinese.srt,huoshan\短剧\8233-被偷走爱的那十年（43集）\srt_dir\v0232eg10064ct2sjnqljhtboopas5d0_Arabic.srt,huoshan\短剧\8233-被偷走爱的那十年（43集）\srt_dir\v0232eg10064ct2sjnqljhtboopas5d0_English.srt,HSK3
huoshan/短剧/8233-被偷走爱的那十年（43集）/2.mp4,v0d32eg10064ct2sjoqljhtd7u6b6vpg,,2,9f346e4e-d366-43a0-961a-ba09b8b27f25.mp4,huoshan\短剧\8233-被偷走爱的那十年（43集）\srt_dir\v0d32eg10064ct2sjoqljhtd7u6b6vpg_Chinese.srt,huoshan\短剧\8233-被偷走爱的那十年（43集）\srt_dir\v0d32eg10064ct2sjoqljhtd7u6b6vpg_Arabic.srt,huoshan\短剧\8233-被偷走爱的那十年（43集）\srt_dir\v0d32eg10064ct2sjoqljhtd7u6b6vpg_English.srt,HSK3
huoshan/短剧/8233-被偷走爱的那十年（43集）/3.mp4,v0332eg10064ct2sjpiljhtemt0l34e0,,3,b173f6f1-4183-4fd9-b08b-0d746b6950a9.mp4,huoshan\短剧\8233-被偷走爱的那十年（43集）\srt_dir\v0332eg10064ct2sjpiljhtemt0l34e0_Chinese.srt,huoshan\短剧\8233-被偷走爱的那十年（43集）\srt_dir\v0332eg10064ct2sjpiljhtemt0l34e0_Arabic.srt,huoshan\短剧\8233-被偷走爱的那十年（43集）\srt_dir\v0332eg10064ct2sjpiljhtemt0l34e0_English.srt,HSK3
huoshan/短剧/8233-被偷走爱的那十年（43集）/36.mp4,v0232eg10064ct2sjqqljhtd6tps95v0,,36,49b4ed92-c7d8-47d9-ab50-906818fb4c0f.mp4,huoshan\短剧\8233-被偷走爱的那十年（43集）\srt_dir\v0232eg10064ct2sjqqljhtd6tps95v0_Chinese.srt,huoshan\短剧\8233-被偷走爱的那十年（43集）\srt_dir\v0232eg10064ct2sjqqljhtd6tps95v0_Arabic.srt,huoshan\短剧\8233-被偷走爱的那十年（43集）\srt_dir\v0232eg10064ct2sjqqljhtd6tps95v0_English.srt,HSK3
huoshan/短剧/8233-被偷走爱的那十年（43集）/22.mp4,v0d32eg10064ct2sjraljhtaucib185g,,22,6e902f76-a97b-4484-9524-ed53cce8fbd2.mp4,huoshan\短剧\8233-被偷走爱的那十年（43集）\srt_dir\v0d32eg10064ct2sjraljhtaucib185g_Chinese.srt,huoshan\短剧\8233-被偷走爱的那十年（43集）\srt_dir\v0d32eg10064ct2sjraljhtaucib185g_Arabic.srt,huoshan\短剧\8233-被偷走爱的那十年（43集）\srt_dir\v0d32eg10064ct2sjraljhtaucib185g_English.srt,HSK3
huoshan/短剧/8233-被偷走爱的那十年（43集）/23.mp4,v0332eg10064ct2sjrqljhtc7vmkeieg,,23,3d4f254a-bfc5-43e9-8675-55b28edb3393.mp4,huoshan\短剧\8233-被偷走爱的那十年（43集）\srt_dir\v0332eg10064ct2sjrqljhtc7vmkeieg_Chinese.srt,huoshan\短剧\8233-被偷走爱的那十年（43集）\srt_dir\v0332eg10064ct2sjrqljhtc7vmkeieg_Arabic.srt,huoshan\短剧\8233-被偷走爱的那十年（43集）\srt_dir\v0332eg10064ct2sjrqljhtc7vmkeieg_English.srt,HSK3
huoshan/短剧/8233-被偷走爱的那十年（43集）/37.mp4,v0232eg10064ct2sjs2ljhtbubs65srg,,37,518c74e6-ead6-40c5-940e-e1b084778926.mp4,huoshan\短剧\8233-被偷走爱的那十年（43集）\srt_dir\v0232eg10064ct2sjs2ljhtbubs65srg_Chinese.srt,huoshan\短剧\8233-被偷走爱的那十年（43集）\srt_dir\v0232eg10064ct2sjs2ljhtbubs65srg_Arabic.srt,huoshan\短剧\8233-被偷走爱的那十年（43集）\srt_dir\v0232eg10064ct2sjs2ljhtbubs65srg_English.srt,HSK3
huoshan/短剧/8233-被偷走爱的那十年（43集）/21.mp4,v0d32eg10064ct2sjsiljht54sick970,,21,07fbbc18-cf1d-4cdd-867f-91786abaf3e9.mp4,huoshan\短剧\8233-被偷走爱的那十年（43集）\srt_dir\v0d32eg10064ct2sjsiljht54sick970_Chinese.srt,huoshan\短剧\8233-被偷走爱的那十年（43集）\srt_dir\v0d32eg10064ct2sjsiljht54sick970_Arabic.srt,huoshan\短剧\8233-被偷走爱的那十年（43集）\srt_dir\v0d32eg10064ct2sjsiljht54sick970_English.srt,HSK3
huoshan/短剧/8233-被偷走爱的那十年（43集）/35.mp4,v0332eg10064ct2sjt2ljhtfkbcagch0,,35,c844e889-51eb-4b2b-87ff-efd7075405d6.mp4,huoshan\短剧\8233-被偷走爱的那十年（43集）\srt_dir\v0332eg10064ct2sjt2ljhtfkbcagch0_Chinese.srt,huoshan\短剧\8233-被偷走爱的那十年（43集）\srt_dir\v0332eg10064ct2sjt2ljhtfkbcagch0_Arabic.srt,huoshan\短剧\8233-被偷走爱的那十年（43集）\srt_dir\v0332eg10064ct2sjt2ljhtfkbcagch0_English.srt,HSK3
huoshan/短剧/8233-被偷走爱的那十年（43集）/20.mp4,v0d32eg10064ct2sjualjht0lktqi3rg,,20,a709944d-d075-4060-932a-a675803d65fd.mp4,huoshan\短剧\8233-被偷走爱的那十年（43集）\srt_dir\v0d32eg10064ct2sjualjht0lktqi3rg_Chinese.srt,huoshan\短剧\8233-被偷走爱的那十年（43集）\srt_dir\v0d32eg10064ct2sjualjht0lktqi3rg_Arabic.srt,huoshan\短剧\8233-被偷走爱的那十年（43集）\srt_dir\v0d32eg10064ct2sjualjht0lktqi3rg_English.srt,HSK3
huoshan/短剧/8233-被偷走爱的那十年（43集）/18.mp4,v0332eg10064ct2sjuqljht1m9675e70,,18,a329e96b-c7a0-4c5a-a4f2-46d195824be5.mp4,huoshan\短剧\8233-被偷走爱的那十年（43集）\srt_dir\v0332eg10064ct2sjuqljht1m9675e70_Chinese.srt,huoshan\短剧\8233-被偷走爱的那十年（43集）\srt_dir\v0332eg10064ct2sjuqljht1m9675e70_Arabic.srt,huoshan\短剧\8233-被偷走爱的那十年（43集）\srt_dir\v0332eg10064ct2sjuqljht1m9675e70_English.srt,HSK3
huoshan/短剧/8233-被偷走爱的那十年（43集）/24.mp4,v0232eg10064ct2sjvaljht1gfmr5cug,,24,b3997c3b-050c-4650-aee8-f33c0220172f.mp4,huoshan\短剧\8233-被偷走爱的那十年（43集）\srt_dir\v0232eg10064ct2sjvaljht1gfmr5cug_Chinese.srt,huoshan\短剧\8233-被偷走爱的那十年（43集）\srt_dir\v0232eg10064ct2sjvaljht1gfmr5cug_Arabic.srt,huoshan\短剧\8233-被偷走爱的那十年（43集）\srt_dir\v0232eg10064ct2sjvaljht1gfmr5cug_English.srt,HSK3
huoshan/短剧/8233-被偷走爱的那十年（43集）/30.mp4,v0d32eg10064ct2sjviljhtaucib18ag,,30,0d77ce2a-bb2d-4330-ab05-c79f685f3899.mp4,huoshan\短剧\8233-被偷走爱的那十年（43集）\srt_dir\v0d32eg10064ct2sjviljhtaucib18ag_Chinese.srt,huoshan\短剧\8233-被偷走爱的那十年（43集）\srt_dir\v0d32eg10064ct2sjviljhtaucib18ag_Arabic.srt,huoshan\短剧\8233-被偷走爱的那十年（43集）\srt_dir\v0d32eg10064ct2sjviljhtaucib18ag_English.srt,HSK3
huoshan/短剧/8233-被偷走爱的那十年（43集）/25.mp4,v0232eg10064ct2sk0iljhtboopas5mg,,25,83fa12d6-22da-4ff8-ada4-d2925c900058.mp4,huoshan\短剧\8233-被偷走爱的那十年（43集）\srt_dir\v0232eg10064ct2sk0iljhtboopas5mg_Chinese.srt,huoshan\短剧\8233-被偷走爱的那十年（43集）\srt_dir\v0232eg10064ct2sk0iljhtboopas5mg_Arabic.srt,huoshan\短剧\8233-被偷走爱的那十年（43集）\srt_dir\v0232eg10064ct2sk0iljhtboopas5mg_English.srt,HSK3
huoshan/短剧/8233-被偷走爱的那十年（43集）/33.mp4,v0332eg10064ct2sk1aljht2q38nathg,,33,e581fa07-d6e3-4a43-904d-4be524afc5ee.mp4,huoshan\短剧\8233-被偷走爱的那十年（43集）\srt_dir\v0332eg10064ct2sk1aljht2q38nathg_Chinese.srt,huoshan\短剧\8233-被偷走爱的那十年（43集）\srt_dir\v0332eg10064ct2sk1aljht2q38nathg_Arabic.srt,huoshan\短剧\8233-被偷走爱的那十年（43集）\srt_dir\v0332eg10064ct2sk1aljht2q38nathg_English.srt,HSK3
huoshan/短剧/8233-被偷走爱的那十年（43集）/27.mp4,v0232eg10064ct2sk1qljhtbubs65t3g,,27,0e5b7c4b-b545-4d55-8d43-f60d4f34630d.mp4,huoshan\短剧\8233-被偷走爱的那十年（43集）\srt_dir\v0232eg10064ct2sk1qljhtbubs65t3g_Chinese.srt,huoshan\短剧\8233-被偷走爱的那十年（43集）\srt_dir\v0232eg10064ct2sk1qljhtbubs65t3g_Arabic.srt,huoshan\短剧\8233-被偷走爱的那十年（43集）\srt_dir\v0232eg10064ct2sk1qljhtbubs65t3g_English.srt,HSK3
huoshan/短剧/8233-被偷走爱的那十年（43集）/26.mp4,v0d32eg10064ct2sk2aljht0lktqi3v0,,26,b569e77f-df23-4c30-bd89-49e812a4ab08.mp4,huoshan\短剧\8233-被偷走爱的那十年（43集）\srt_dir\v0d32eg10064ct2sk2aljht0lktqi3v0_Chinese.srt,huoshan\短剧\8233-被偷走爱的那十年（43集）\srt_dir\v0d32eg10064ct2sk2aljht0lktqi3v0_Arabic.srt,huoshan\短剧\8233-被偷走爱的那十年（43集）\srt_dir\v0d32eg10064ct2sk2aljht0lktqi3v0_English.srt,HSK3
huoshan/短剧/8233-被偷走爱的那十年（43集）/32.mp4,v0332eg10064ct2sk2iljhtemt0l34k0,,32,363c3d83-c6e1-49c3-afce-32239eaf9c88.mp4,huoshan\短剧\8233-被偷走爱的那十年（43集）\srt_dir\v0332eg10064ct2sk2iljhtemt0l34k0_Chinese.srt,huoshan\短剧\8233-被偷走爱的那十年（43集）\srt_dir\v0332eg10064ct2sk2iljhtemt0l34k0_Arabic.srt,huoshan\短剧\8233-被偷走爱的那十年（43集）\srt_dir\v0332eg10064ct2sk2iljhtemt0l34k0_English.srt,HSK3
huoshan/短剧/8233-被偷走爱的那十年（43集）/16.mp4,v0d32eg10064ct2sk3aljht846cj6ulg,,16,f49e4184-3c94-4e01-a796-8a6f0566a294.mp4,huoshan\短剧\8233-被偷走爱的那十年（43集）\srt_dir\v0d32eg10064ct2sk3aljht846cj6ulg_Chinese.srt,huoshan\短剧\8233-被偷走爱的那十年（43集）\srt_dir\v0d32eg10064ct2sk3aljht846cj6ulg_Arabic.srt,huoshan\短剧\8233-被偷走爱的那十年（43集）\srt_dir\v0d32eg10064ct2sk3aljht846cj6ulg_English.srt,HSK3
huoshan/短剧/8233-被偷走爱的那十年（43集）/14.mp4,v0332eg10064ct2sk3qljht1m9675ecg,,14,c8a3402c-fb4e-423d-9156-4a120e437cfa.mp4,huoshan\短剧\8233-被偷走爱的那十年（43集）\srt_dir\v0332eg10064ct2sk3qljht1m9675ecg_Chinese.srt,huoshan\短剧\8233-被偷走爱的那十年（43集）\srt_dir\v0332eg10064ct2sk3qljht1m9675ecg_Arabic.srt,huoshan\短剧\8233-被偷走爱的那十年（43集）\srt_dir\v0332eg10064ct2sk3qljht1m9675ecg_English.srt,HSK3
huoshan/短剧/8233-被偷走爱的那十年（43集）/28.mp4,v0232eg10064ct2sk42ljht5gshe6f50,,28,3c7546bc-5596-47b6-9606-d24d65061fee.mp4,huoshan\短剧\8233-被偷走爱的那十年（43集）\srt_dir\v0232eg10064ct2sk42ljht5gshe6f50_Chinese.srt,huoshan\短剧\8233-被偷走爱的那十年（43集）\srt_dir\v0232eg10064ct2sk42ljht5gshe6f50_Arabic.srt,huoshan\短剧\8233-被偷走爱的那十年（43集）\srt_dir\v0232eg10064ct2sk42ljht5gshe6f50_English.srt,HSK3
huoshan/短剧/8233-被偷走爱的那十年（43集）/29.mp4,v0d32eg10064ct2sk4iljhtcvr4plnu0,,29,3869eaf0-ab46-4ac0-b4bd-0659b5ce5f0b.mp4,huoshan\短剧\8233-被偷走爱的那十年（43集）\srt_dir\v0d32eg10064ct2sk4iljhtcvr4plnu0_Chinese.srt,huoshan\短剧\8233-被偷走爱的那十年（43集）\srt_dir\v0d32eg10064ct2sk4iljhtcvr4plnu0_Arabic.srt,huoshan\短剧\8233-被偷走爱的那十年（43集）\srt_dir\v0d32eg10064ct2sk4iljhtcvr4plnu0_English.srt,HSK3
huoshan/短剧/8233-被偷走爱的那十年（43集）/15.mp4,v0332eg10064ct2sk52ljhtfjkre23tg,,15,382ce7db-af31-4829-9817-38465bdee74b.mp4,huoshan\短剧\8233-被偷走爱的那十年（43集）\srt_dir\v0332eg10064ct2sk52ljhtfjkre23tg_Chinese.srt,huoshan\短剧\8233-被偷走爱的那十年（43集）\srt_dir\v0332eg10064ct2sk52ljhtfjkre23tg_Arabic.srt,huoshan\短剧\8233-被偷走爱的那十年（43集）\srt_dir\v0332eg10064ct2sk52ljhtfjkre23tg_English.srt,HSK3
huoshan/短剧/8233-被偷走爱的那十年（43集）/39.mp4,v0232eg10064ct2sk5iljht5gshe6f6g,,39,9de7c77c-c259-4e9b-ab1a-a41d3063fa86.mp4,huoshan\短剧\8233-被偷走爱的那十年（43集）\srt_dir\v0232eg10064ct2sk5iljht5gshe6f6g_Chinese.srt,huoshan\短剧\8233-被偷走爱的那十年（43集）\srt_dir\v0232eg10064ct2sk5iljht5gshe6f6g_Arabic.srt,huoshan\短剧\8233-被偷走爱的那十年（43集）\srt_dir\v0232eg10064ct2sk5iljht5gshe6f6g_English.srt,HSK3
huoshan/短剧/8233-被偷走爱的那十年（43集）/10.mp4,v0332eg10064ct2sk6aljhte03cgrudg,,10,c94d0c59-da8e-4312-8d0c-0127f0a731e8.mp4,huoshan\短剧\8233-被偷走爱的那十年（43集）\srt_dir\v0332eg10064ct2sk6aljhte03cgrudg_Chinese.srt,huoshan\短剧\8233-被偷走爱的那十年（43集）\srt_dir\v0332eg10064ct2sk6aljhte03cgrudg_Arabic.srt,huoshan\短剧\8233-被偷走爱的那十年（43集）\srt_dir\v0332eg10064ct2sk6aljhte03cgrudg_English.srt,HSK3
huoshan/短剧/8233-被偷走爱的那十年（43集）/38.mp4,v0232eg10064ct2sk7aljhtciiv7nbrg,,38,7b3cc484-6cab-45d6-86a8-1f77276e6308.mp4,huoshan\短剧\8233-被偷走爱的那十年（43集）\srt_dir\v0232eg10064ct2sk7aljhtciiv7nbrg_Chinese.srt,huoshan\短剧\8233-被偷走爱的那十年（43集）\srt_dir\v0232eg10064ct2sk7aljhtciiv7nbrg_Arabic.srt,huoshan\短剧\8233-被偷走爱的那十年（43集）\srt_dir\v0232eg10064ct2sk7aljhtciiv7nbrg_English.srt,HSK3
huoshan/短剧/8233-被偷走爱的那十年（43集）/12.mp4,v0d32eg10064ct2sk7iljhtekodpmjbg,,12,539a15f0-49c6-4ff1-b2da-d9bb0f8f7262.mp4,huoshan\短剧\8233-被偷走爱的那十年（43集）\srt_dir\v0d32eg10064ct2sk7iljhtekodpmjbg_Chinese.srt,huoshan\短剧\8233-被偷走爱的那十年（43集）\srt_dir\v0d32eg10064ct2sk7iljhtekodpmjbg_Arabic.srt,huoshan\短剧\8233-被偷走爱的那十年（43集）\srt_dir\v0d32eg10064ct2sk7iljhtekodpmjbg_English.srt,HSK3
huoshan/短剧/8233-被偷走爱的那十年（43集）/13.mp4,v0332eg10064ct2sk82ljhtemt0l34og,,13,8adea7f7-c2cc-47b5-997b-c8c8bcd4e823.mp4,huoshan\短剧\8233-被偷走爱的那十年（43集）\srt_dir\v0332eg10064ct2sk82ljhtemt0l34og_Chinese.srt,huoshan\短剧\8233-被偷走爱的那十年（43集）\srt_dir\v0332eg10064ct2sk82ljhtemt0l34og_Arabic.srt,huoshan\短剧\8233-被偷走爱的那十年（43集）\srt_dir\v0332eg10064ct2sk82ljhtemt0l34og_English.srt,HSK3
huoshan/短剧/8233-被偷走爱的那十年（43集）/8.mp4,v0232eg10064ct2sk8iljht7akvr7i10,,8,9624f8db-b3c9-48e9-94a5-d5f02ae12b87.mp4,huoshan\短剧\8233-被偷走爱的那十年（43集）\srt_dir\v0232eg10064ct2sk8iljht7akvr7i10_Chinese.srt,huoshan\短剧\8233-被偷走爱的那十年（43集）\srt_dir\v0232eg10064ct2sk8iljht7akvr7i10_Arabic.srt,huoshan\短剧\8233-被偷走爱的那十年（43集）\srt_dir\v0232eg10064ct2sk8iljht7akvr7i10_English.srt,HSK3
huoshan/短剧/8233-被偷走爱的那十年（43集）/9.mp4,v0d32eg10064ct2sk9iljht17v2otqn0,,9,705aeddb-a388-464b-9663-832b4a00fcf2.mp4,huoshan\短剧\8233-被偷走爱的那十年（43集）\srt_dir\v0d32eg10064ct2sk9iljht17v2otqn0_Chinese.srt,huoshan\短剧\8233-被偷走爱的那十年（43集）\srt_dir\v0d32eg10064ct2sk9iljht17v2otqn0_Arabic.srt,huoshan\短剧\8233-被偷走爱的那十年（43集）\srt_dir\v0d32eg10064ct2sk9iljht17v2otqn0_English.srt,HSK3
