ID,URL,VID,note,,注意：遇到迪士尼内容直接跳过，不要上传，表格空着就行,,,,,,,,,,,,,,
1,,,,,"Note: When you encounter Disney content, skip it directly, don't upload it, just leave the form empty",,,,,,,,,,,,,,
2,https://www.zhihu.com/zvideo/1834732191076208640,,,,,,,,,,,,,,,,,,
3,https://www.zhihu.com/zvideo/1834735059560706049,,,,,,,,,,,,,,,,,,
4,https://www.zhihu.com/zvideo/1834740949739257857,,,,,,,,,,,,,,,,,,
5,https://www.zhihu.com/zvideo/1834907246808662016,,1,,,,,,,,,,,,,,,,
6,,,,,,,,,,,,,,,,,,,
7,https://www.zhihu.com/zvideo/1834921254584459266,,1,,,,,,,,,,,,,,,,
8,https://www.zhihu.com/zvideo/1834923647959183361,,1,,,,,,,,,,,,,,,,
9,https://www.zhihu.com/zvideo/1834924567161872384,,1,,,,,,,,,,,,,,,,
10,https://www.zhihu.com/zvideo/1834925604811698176,,1,,,,,,,,,,,,,,,,
11,https://www.zhihu.com/zvideo/1834926443374727170,,1,,,,,,,,,,,,,,,,
12,https://www.zhihu.com/zvideo/1834927414863589378,,1,,,,,,,,,,,,,,,,
13,https://www.zhihu.com/zvideo/1834928742478258179,,1,,,,,,,,,,,,,,,,
14,https://www.zhihu.com/zvideo/1834929557070815232,,1,,,,,,,,,,,,,,,,
15,https://www.zhihu.com/zvideo/1834930240150958081,,1,,,,,,,,,,,,,,,,
16,https://www.zhihu.com/zvideo/1834932199675273216,,1,,,,,,,,,,,,,,,,
17,https://www.zhihu.com/zvideo/1834933345034829824,,1,,,,,,,,,,,,,,,,
18,https://www.zhihu.com/zvideo/1834934353811095554,,1,,,,,,,,,,,,,,,,
19,https://www.zhihu.com/zvideo/1834934931215761408,,1,,,,,,,,,,,,,,,,
20,https://www.zhihu.com/zvideo/1834935493407678468,,1,,,,,,,,,,,,,,,,
21,https://www.zhihu.com/zvideo/1834948304271699968,,,,,,,,,,,,,,,,,,
22,https://www.zhihu.com/zvideo/1834949390130888706,,,,,,,,,,,,,,,,,,
23,https://www.zhihu.com/zvideo/1834950580067512320,,,,,,,,,,,,,,,,,,
24,https://www.zhihu.com/zvideo/1834951433960701955,,1,,,,,,,,,,,,,,,,
25,https://www.zhihu.com/zvideo/1834953216376328192,,,,,,,,,,,,,,,,,,
26,https://www.zhihu.com/zvideo/1835187264566730752,,1,,,,,,,,,,,,,,,,
27,https://www.zhihu.com/zvideo/1835190485855129600,,,,,,,,,,,,,,,,,,
28,https://www.zhihu.com/zvideo/1835192133902016512,,,,,,,,,,,,,,,,,,
29,https://www.zhihu.com/zvideo/1835192677118906368,,,,,,,,,,,,,,,,,,
30,https://www.zhihu.com/zvideo/1835193174777270272,,,,,,,,,,,,,,,,,,
31,https://www.zhihu.com/zvideo/1835193811489411073,,1,,,,,,,,,,,,,,,,
32,https://www.zhihu.com/zvideo/1835194425665527809,,1,,,,,,,,,,,,,,,,
33,https://www.zhihu.com/zvideo/1835194982287433729,,1,,,,,,,,,,,,,,,,
34,https://www.zhihu.com/zvideo/1835195458928136192,,,,,,,,,,,,,,,,,,
35,https://www.zhihu.com/zvideo/1835195911090876416,,1,,,,,,,,,,,,,,,,
36,https://www.zhihu.com/zvideo/1835196478093672448,,1,,,,,,,,,,,,,,,,
37,https://www.zhihu.com/zvideo/1835196478093672448,,1,,,,,,,,,,,,,,,,
38,https://www.zhihu.com/zvideo/1835198641993826304,,1,,,,,,,,,,,,,,,,
39,https://www.zhihu.com/zvideo/1835199128675692544,,1,,,,,,,,,,,,,,,,
40,https://www.zhihu.com/zvideo/1835199618662658049,,1,,,,,,,,,,,,,,,,
41,https://www.zhihu.com/zvideo/1835200125066162176,,1,,,,,,,,,,,,,,,,
42,https://www.zhihu.com/zvideo/1835200649886822400,,1,,,,,,,,,,,,,,,,
43,https://www.zhihu.com/zvideo/1835201141903867904,,1,,,,,,,,,,,,,,,,
44,https://www.zhihu.com/zvideo/1835201787008786432,,1,,,,,,,,,,,,,,,,
45,https://www.zhihu.com/zvideo/1835202364270833664,,1,,,,,,,,,,,,,,,,
46,https://www.zhihu.com/zvideo/1835209484454215682,,1,,,,,,,,,,,,,,,,
47,https://www.zhihu.com/zvideo/1835210303161368576,,1,,,,,,,,,,,,,,,,
48,https://www.zhihu.com/zvideo/1835210863755284480,,1,,,,,,,,,,,,,,,,
49,https://www.zhihu.com/zvideo/1835211438634979328,,1,,,,,,,,,,,,,,,,
50,https://www.zhihu.com/zvideo/1835211958732865539,,,,,,,,,,,,,,,,,,
51,https://www.zhihu.com/zvideo/1835212420576063488,,,,,,,,,,,,,,,,,,
52,https://www.zhihu.com/zvideo/1835212978028417026,,,,,,,,,,,,,,,,,,
53,https://www.zhihu.com/zvideo/1835213435341791232,,,,,,,,,,,,,,,,,,
54,https://www.zhihu.com/zvideo/1835213865018867712,,,,,,,,,,,,,,,,,,
55,https://www.zhihu.com/zvideo/1835214267533643776,,,,,,,,,,,,,,,,,,
56,https://www.zhihu.com/zvideo/1835214716093472768,,,,,,,,,,,,,,,,,,
57,https://www.zhihu.com/zvideo/1835215316210302976,,,,,,,,,,,,,,,,,,
58,https://www.zhihu.com/zvideo/1835215738429923330,,,,,,,,,,,,,,,,,,
59,https://www.zhihu.com/zvideo/1835216154546806784,,1,,,,,,,,,,,,,,,,
60,https://www.zhihu.com/zvideo/1835216712145969153,,1,,,,,,,,,,,,,,,,
61,https://www.zhihu.com/zvideo/1835217124504764418,,,,,,,,,,,,,,,,,,
62,https://www.zhihu.com/zvideo/1835217737993043970,,,,,,,,,,,,,,,,,,
63,https://www.zhihu.com/zvideo/1835218316123303936,,,,,,,,,,,,,,,,,,
64,https://www.zhihu.com/zvideo/1835218886515113984,,,,,,,,,,,,,,,,,,
65,https://www.zhihu.com/zvideo/1835219871132164096,,,,,,,,,,,,,,,,,,
66,https://www.zhihu.com/zvideo/1835057480775909377,,,,,,,,,,,,,,,,,,
67,https://www.zhihu.com/zvideo/1835057479249166336,,,,,,,,,,,,,,,,,,
68,https://www.zhihu.com/zvideo/1835057601336971264,,,,,,,,,,,,,,,,,,
69,https://www.zhihu.com/zvideo/1835057661986615296,,,,,,,,,,,,,,,,,,
70,https://www.zhihu.com/zvideo/1835057900462166017,,,,,,,,,,,,,,,,,,
71,https://www.zhihu.com/zvideo/1835057945567698944,,,,,,,,,,,,,,,,,,
72,https://www.zhihu.com/zvideo/1835058045543133185,,,,,,,,,,,,,,,,,,
73,https://www.zhihu.com/zvideo/1835058133900353537,,,,,,,,,,,,,,,,,,
74,https://www.zhihu.com/zvideo/1835058196659703809,,,,,,,,,,,,,,,,,,
75,https://www.zhihu.com/zvideo/1835058354533310464,,,,,,,,,,,,,,,,,,
76,,,非迪士尼内容，但未通过审核,,,,,,,,,,,,,,,,
77,https://www.zhihu.com/zvideo/1835058488956559360,,,,,,,,,,,,,,,,,,
78,https://www.zhihu.com/zvideo/1835058531109318657,,,,,,,,,,,,,,,,,,
79,https://www.zhihu.com/zvideo/1835058594225205248,,,,,,,,,,,,,,,,,,
80,https://www.zhihu.com/zvideo/1835058639645327361,,,,,,,,,,,,,,,,,,
81,https://www.zhihu.com/zvideo/1835060660943319041,,,,,,,,,,,,,,,,,,
82,https://www.zhihu.com/zvideo/1835060732531703809,,,,,,,,,,,,,,,,,,
83,https://www.zhihu.com/zvideo/1835060770574041088,,,,,,,,,,,,,,,,,,
84,https://www.zhihu.com/zvideo/1835060834503626753,,,,,,,,,,,,,,,,,,
85,https://www.zhihu.com/zvideo/1835060964480913409,,,,,,,,,,,,,,,,,,
86,https://www.zhihu.com/zvideo/1835092126024749057,,,,,,,,,,,,,,,,,,
87,https://www.zhihu.com/zvideo/1835091976741056512,,,,,,,,,,,,,,,,,,
88,https://www.zhihu.com/zvideo/1835092167510605824,,,,,,,,,,,,,,,,,,
89,https://www.zhihu.com/zvideo/1835092534289907712,,,,,,,,,,,,,,,,,,
90,https://www.zhihu.com/zvideo/1835092706680004609,,,,,,,,,,,,,,,,,,
91,https://www.zhihu.com/zvideo/1835093288367038465,,,,,,,,,,,,,,,,,,
92,https://www.zhihu.com/zvideo/1835093377890258944,,,,,,,,,,,,,,,,,,
93,https://www.zhihu.com/zvideo/1835093339575308288,,,,,,,,,,,,,,,,,,
94,https://www.zhihu.com/zvideo/1835093405660758016,,,,,,,,,,,,,,,,,,
95,https://www.zhihu.com/zvideo/1835093391114919937,,,,,,,,,,,,,,,,,,
96,https://www.zhihu.com/zvideo/1835093393551781889,,,,,,,,,,,,,,,,,,
97,https://www.zhihu.com/zvideo/1835093459930853379,,,,,,,,,,,,,,,,,,
98,https://www.zhihu.com/zvideo/1835093496568094720,,,,,,,,,,,,,,,,,,
99,https://www.zhihu.com/zvideo/1835093505631993859,,,,,,,,,,,,,,,,,,
100,https://www.zhihu.com/zvideo/1835093497289506817,,,,,,,,,,,,,,,,,,
101,https://www.zhihu.com/zvideo/1835093520949583874,,,,,,,,,,,,,,,,,,
102,https://www.zhihu.com/zvideo/1835093711874306049,,,,,,,,,,,,,,,,,,
103,https://www.zhihu.com/zvideo/1835094576102256640,,,,,,,,,,,,,,,,,,
104,https://www.zhihu.com/zvideo/1835094660592324608,,,,,,,,,,,,,,,,,,
105,https://www.zhihu.com/zvideo/1835094705249067010,,,,,,,,,,,,,,,,,,
106,https://www.zhihu.com/zvideo/1835406826830708737,,,,,,,,,,,,,,,,,,
107,https://www.zhihu.com/zvideo/1835406876872957952,,,,,,,,,,,,,,,,,,
108,https://www.zhihu.com/zvideo/1835407160290463744,,,,,,,,,,,,,,,,,,
109,https://www.zhihu.com/zvideo/1835407220419993600,,,,,,,,,,,,,,,,,,
110,https://www.zhihu.com/zvideo/1835407222521348097,,,,,,,,,,,,,,,,,,
111,https://www.zhihu.com/zvideo/1834920728782303232,,,,,,,,,,,,,,,,,,
112,https://www.zhihu.com/zvideo/1834922263574634496,,,,,,,,,,,,,,,,,,
113,https://www.zhihu.com/zvideo/1834922302904594432,,,,,,,,,,,,,,,,,,
114,https://www.zhihu.com/zvideo/1834923329405992961,,,,,,,,,,,,,,,,,,
115,https://www.zhihu.com/zvideo/1834923356551512064,,,,,,,,,,,,,,,,,,
116,https://www.zhihu.com/zvideo/1834924228274688002,,,,,,,,,,,,,,,,,,
117,https://www.zhihu.com/zvideo/1834924197010354176,,,,,,,,,,,,,,,,,,
118,https://www.zhihu.com/zvideo/1834924230371844097,,,,,,,,,,,,,,,,,,
119,https://www.zhihu.com/zvideo/1834924290769821696,,,,,,,,,,,,,,,,,,
120,https://www.zhihu.com/zvideo/1834924373280186369,,,,,,,,,,,,,,,,,,
121,https://www.zhihu.com/zvideo/1834929930649071616,,,,,,,,,,,,,,,,,,
122,https://www.zhihu.com/zvideo/1834929987087642624,,,,,,,,,,,,,,,,,,
123,https://www.zhihu.com/zvideo/1834930072991191042,,,,,,,,,,,,,,,,,,
124,https://www.zhihu.com/zvideo/1834930111197093889,,,,,,,,,,,,,,,,,,
125,https://www.zhihu.com/zvideo/1834930199222960128,,,,,,,,,,,,,,,,,,
126,https://www.zhihu.com/zvideo/1834930252666773504,,,,,,,,,,,,,,,,,,
127,https://www.zhihu.com/zvideo/1834930327644139520,,,,,,,,,,,,,,,,,,
128,https://www.zhihu.com/zvideo/1834930394681724931,,,,,,,,,,,,,,,,,,
129,https://www.zhihu.com/zvideo/1834930433919418372,,,,,,,,,,,,,,,,,,
130,https://www.zhihu.com/zvideo/1834930505407160320,,,,,,,,,,,,,,,,,,
131,https://www.zhihu.com/zvideo/1834931363649826817,,,,,,,,,,,,,,,,,,
132,https://www.zhihu.com/zvideo/1834931555191095296,,,,,,,,,,,,,,,,,,
133,https://www.zhihu.com/zvideo/1834931647931355137,,,,,,,,,,,,,,,,,,
134,https://www.zhihu.com/zvideo/1834931708216090627,,,,,,,,,,,,,,,,,,
135,https://www.zhihu.com/zvideo/1834931800121696258,,,,,,,,,,,,,,,,,,
136,https://www.zhihu.com/zvideo/1834931847638958080,,,,,,,,,,,,,,,,,,
137,https://www.zhihu.com/zvideo/1834932104737193985,,,,,,,,,,,,,,,,,,
138,https://www.zhihu.com/zvideo/1834932176975716352,,,,,,,,,,,,,,,,,,
139,https://www.zhihu.com/zvideo/1834932243421880322,,,,,,,,,,,,,,,,,,
140,https://www.zhihu.com/zvideo/1834932296102322177,,,,,,,,,,,,,,,,,,
141,https://www.zhihu.com/zvideo/1835313716373098496,,,,,,,,,,,,,,,,,,
142,https://www.zhihu.com/zvideo/1835313891921514496,,,,,,,,,,,,,,,,,,
143,https://www.zhihu.com/zvideo/1835313946539732992,,,,,,,,,,,,,,,,,,
144,https://www.zhihu.com/zvideo/1835314045378490369,,,,,,,,,,,,,,,,,,
145,https://www.zhihu.com/zvideo/1835314053431562242,,,,,,,,,,,,,,,,,,
146,https://www.zhihu.com/zvideo/1835314036729839616,,,,,,,,,,,,,,,,,,
147,https://www.zhihu.com/zvideo/1835314072402399232,,,,,,,,,,,,,,,,,,
148,https://www.zhihu.com/zvideo/1835314095865352193,,,,,,,,,,,,,,,,,,
149,https://www.zhihu.com/zvideo/1835314056778637312,,,,,,,,,,,,,,,,,,
150,https://www.zhihu.com/zvideo/1835314101775130624,,,,,,,,,,,,,,,,,,
151,https://www.zhihu.com/zvideo/1835326797421633536,,,,,,,,,,,,,,,,,,
152,https://www.zhihu.com/zvideo/1835326932620824576,,,,,,,,,,,,,,,,,,
153,https://www.zhihu.com/zvideo/1835327046349357058,,,,,,,,,,,,,,,,,,
154,https://www.zhihu.com/zvideo/1835327070315630593,,,,,,,,,,,,,,,,,,
155,https://www.zhihu.com/zvideo/1835327085540933632,,,,,,,,,,,,,,,,,,
156,https://www.zhihu.com/zvideo/1835327207649718273,,,,,,,,,,,,,,,,,,
157,https://www.zhihu.com/zvideo/1835327226284998656,,,,,,,,,,,,,,,,,,
158,https://www.zhihu.com/zvideo/1835327316701626368,,,,,,,,,,,,,,,,,,
159,https://www.zhihu.com/zvideo/1835327398863826945,,,,,,,,,,,,,,,,,,
160,https://www.zhihu.com/zvideo/1835327432040792065,,,,,,,,,,,,,,,,,,
161,https://www.zhihu.com/zvideo/1835327526802710528,,,,,,,,,,,,,,,,,,
162,https://www.zhihu.com/zvideo/1835327648391372801,,,,,,,,,,,,,,,,,,
163,https://www.zhihu.com/zvideo/1835327707124207617,,,,,,,,,,,,,,,,,,
164,https://www.zhihu.com/zvideo/1835327704297238528,,,,,,,,,,,,,,,,,,
165,https://www.zhihu.com/zvideo/1835327776409907201,,,,,,,,,,,,,,,,,,
166,https://www.zhihu.com/zvideo/1835066650375876608,,,,,,,,,,,,,,,,,,
167,https://www.zhihu.com/zvideo/1835066292702408704,,,,,,,,,,,,,,,,,,
168,https://www.zhihu.com/zvideo/1835058845833101312,,,,,,,,,,,,,,,,,,
169,https://www.zhihu.com/zvideo/1835059143649660928,,,,,,,,,,,,,,,,,,
170,https://www.zhihu.com/zvideo/1835059608143675392,,,,,,,,,,,,,,,,,,
171,https://www.zhihu.com/zvideo/1835060963025494016,,,,,,,,,,,,,,,,,,
172,https://www.zhihu.com/zvideo/1835061762417897474,,,,,,,,,,,,,,,,,,
173,https://www.zhihu.com/zvideo/1835061937270034432,,,,,,,,,,,,,,,,,,
174,https://www.zhihu.com/zvideo/1835062051015376896,,,,,,,,,,,,,,,,,,
175,https://www.zhihu.com/zvideo/1835062250530013184,,,,,,,,,,,,,,,,,,
176,https://www.zhihu.com/zvideo/1835062469225218049,,1,,,,,,,,,,,,,,,,
177,https://www.zhihu.com/zvideo/1835062604927750144,,,,,,,,,,,,,,,,,,
178,https://www.zhihu.com/zvideo/1835062792417320961,,,,,,,,,,,,,,,,,,
179,https://www.zhihu.com/zvideo/1835062960998977538,,,,,,,,,,,,,,,,,,
180,https://www.zhihu.com/zvideo/1835063232504676353,,,,,,,,,,,,,,,,,,
181,https://www.zhihu.com/zvideo/1835063440055615488,,,,,,,,,,,,,,,,,,
182,https://www.zhihu.com/zvideo/1835063575980412928,,,,,,,,,,,,,,,,,,
183,https://www.zhihu.com/zvideo/1835063787474006020,,,,,,,,,,,,,,,,,,
184,https://www.zhihu.com/zvideo/1835063902720888832,,,,,,,,,,,,,,,,,,
185,https://www.zhihu.com/zvideo/1835064022661206016,,,,,,,,,,,,,,,,,,
186,https://www.zhihu.com/zvideo/1835056809527877632,,,,,,,,,,,,,,,,,,
187,https://www.zhihu.com/zvideo/1835057949892042753,,,,,,,,,,,,,,,,,,
188,https://www.zhihu.com/zvideo/1835068567479009284,,,,,,,,,,,,,,,,,,
189,https://www.zhihu.com/zvideo/1835068951295574016,,,,,,,,,,,,,,,,,,
190,https://www.zhihu.com/zvideo/1835069283463458817,,,,,,,,,,,,,,,,,,
191,https://www.zhihu.com/zvideo/1835069460014325760,,,,,,,,,,,,,,,,,,
192,https://www.zhihu.com/zvideo/1835069561751347201,,,,,,,,,,,,,,,,,,
193,https://www.zhihu.com/zvideo/1835069684787048450,,,,,,,,,,,,,,,,,,
194,https://www.zhihu.com/zvideo/1835070107514200064,,,,,,,,,,,,,,,,,,
195,https://www.zhihu.com/zvideo/1835070325693480961,,,,,,,,,,,,,,,,,,
196,https://www.zhihu.com/zvideo/1835072122222944256,,,,,,,,,,,,,,,,,,
197,https://www.zhihu.com/zvideo/1835072556509577217,,,,,,,,,,,,,,,,,,
198,https://www.zhihu.com/zvideo/1835072857719304193,,,,,,,,,,,,,,,,,,
199,https://www.zhihu.com/zvideo/1835073019413925891,,,,,,,,,,,,,,,,,,
200,https://www.zhihu.com/zvideo/1835073119976558593,,,,,,,,,,,,,,,,,,
201,https://www.zhihu.com/zvideo/1835073696550772738,,,,,,,,,,,,,,,,,,
202,https://www.zhihu.com/zvideo/1835074239390175233,,,,,,,,,,,,,,,,,,
203,https://www.zhihu.com/zvideo/1835074393371455490,,,,,,,,,,,,,,,,,,
204,https://www.zhihu.com/zvideo/1835074624620220416,,,,,,,,,,,,,,,,,,
205,https://www.zhihu.com/zvideo/1835074837992845312,,,,,,,,,,,,,,,,,,
206,https://www.zhihu.com/zvideo/1835308262142111744,,,,,,,,,,,,,,,,,,
207,https://www.zhihu.com/zvideo/1835309496815185920,,,,,,,,,,,,,,,,,,
208,https://www.zhihu.com/zvideo/1835310016363634688,,,,,,,,,,,,,,,,,,
209,https://www.zhihu.com/zvideo/1835310442513321984,,,,,,,,,,,,,,,,,,
210,https://www.zhihu.com/zvideo/1835310899428192258,,,,,,,,,,,,,,,,,,
211,https://www.zhihu.com/zvideo/1835311234053963777,,,,,,,,,,,,,,,,,,
212,https://www.zhihu.com/zvideo/1835311656743333888,,,,,,,,,,,,,,,,,,
213,https://www.zhihu.com/zvideo/1835312066967252996,,,,,,,,,,,,,,,,,,
214,https://www.zhihu.com/zvideo/1835312463328976896,,,,,,,,,,,,,,,,,,
215,https://www.zhihu.com/zvideo/1835312970621648896,,,,,,,,,,,,,,,,,,
216,https://www.zhihu.com/zvideo/1835313284422721536,,,,,,,,,,,,,,,,,,
217,https://www.zhihu.com/zvideo/1835313665441660930,,,,,,,,,,,,,,,,,,
218,https://www.zhihu.com/zvideo/1835314093994696704,,,,,,,,,,,,,,,,,,
219,https://www.zhihu.com/zvideo/1835314532525953024,,,,,,,,,,,,,,,,,,
220,https://www.zhihu.com/zvideo/1835314912286621696,,,,,,,,,,,,,,,,,,
221,https://www.zhihu.com/zvideo/1835315277354651648,,,,,,,,,,,,,,,,,,
222,https://www.zhihu.com/zvideo/1835315622642327553,,,,,,,,,,,,,,,,,,
223,https://www.zhihu.com/zvideo/1835315962968150017,,,,,,,,,,,,,,,,,,
224,https://www.zhihu.com/zvideo/1835316352216346625,,,,,,,,,,,,,,,,,,
225,https://www.zhihu.com/zvideo/1835316725337440257,,,,,,,,,,,,,,,,,,
226,https://www.zhihu.com/zvideo/1835273718580006912,,,,,,,,,,,,,,,,,,
227,https://www.zhihu.com/zvideo/1835273853141643264,,,,,,,,,,,,,,,,,,
228,https://www.zhihu.com/zvideo/1835272866993676288,,,,,,,,,,,,,,,,,,
229,https://www.zhihu.com/zvideo/1835274041738522624,,,,,,,,,,,,,,,,,,
230,https://www.zhihu.com/zvideo/1835274564428505088,,,,,,,,,,,,,,,,,,
231,https://www.zhihu.com/zvideo/1835274724961308674,,,,,,,,,,,,,,,,,,
232,https://www.zhihu.com/zvideo/1835274885095620609,,,,,,,,,,,,,,,,,,
233,https://www.zhihu.com/zvideo/1835275066293772288,,,,,,,,,,,,,,,,,,
234,https://www.zhihu.com/zvideo/1835275251572944896,,,,,,,,,,,,,,,,,,
235,https://www.zhihu.com/zvideo/1835275717870501888,,,,,,,,,,,,,,,,,,
236,https://www.zhihu.com/zvideo/1835275947672211459,,,,,,,,,,,,,,,,,,
237,https://www.zhihu.com/zvideo/1835276151335038978,,,,,,,,,,,,,,,,,,
238,https://www.zhihu.com/zvideo/1835276370277711874,,,,,,,,,,,,,,,,,,
239,https://www.zhihu.com/zvideo/1835276685538377728,,,,,,,,,,,,,,,,,,
240,https://www.zhihu.com/zvideo/1835276866463862784,,,,,,,,,,,,,,,,,,
241,https://www.zhihu.com/zvideo/1835277122668724224,,,,,,,,,,,,,,,,,,
242,https://www.zhihu.com/zvideo/1835277346732654592,,,,,,,,,,,,,,,,,,
243,https://www.zhihu.com/zvideo/1835277600152485889,,,,,,,,,,,,,,,,,,
244,https://www.zhihu.com/zvideo/1835277825613107200,,,,,,,,,,,,,,,,,,
245,https://www.zhihu.com/zvideo/1835277955582009344,,,,,,,,,,,,,,,,,,
246,https://www.zhihu.com/zvideo/1835769029836537856?utm_psn=1835975916632817664,,,,,,,,,,,,,,,,,,
247,https://www.zhihu.com/zvideo/1835769203300364288?utm_psn=1835976255549353985,,,,,,,,,,,,,,,,,,
248,https://www.zhihu.com/zvideo/1835769372020445184?utm_psn=1835976313619480579,,,,,,,,,,,,,,,,,,
249,https://www.zhihu.com/zvideo/1835769524919603201?utm_psn=1835976375242199040,,,,,,,,,,,,,,,,,,
250,https://www.zhihu.com/zvideo/1835769763730710529?utm_psn=1835976425502535682,,,,,,,,,,,,,,,,,,
251,https://www.zhihu.com/zvideo/1835770146251227137?utm_psn=1835976474651406337,,,,,,,,,,,,,,,,,,
252,https://www.zhihu.com/zvideo/1835770259677782016,,,,,,,,,,,,,,,,,,
253,https://www.zhihu.com/zvideo/1835770416347619328,,,,,,,,,,,,,,,,,,
254,https://www.zhihu.com/zvideo/1835770593875730434,,,,,,,,,,,,,,,,,,
255,https://www.zhihu.com/zvideo/1835770716076773376,,,,,,,,,,,,,,,,,,
256,https://www.zhihu.com/zvideo/1835770856019742720,,,,,,,,,,,,,,,,,,
257,https://www.zhihu.com/zvideo/1835771006024806402,,,,,,,,,,,,,,,,,,
258,https://www.zhihu.com/zvideo/1835771169267146754,,,,,,,,,,,,,,,,,,
259,https://www.zhihu.com/zvideo/1835771398079004675,,,,,,,,,,,,,,,,,,
260,https://www.zhihu.com/zvideo/1835771568174788608,,,,,,,,,,,,,,,,,,
261,https://www.zhihu.com/zvideo/1835771814195908608,,,,,,,,,,,,,,,,,,
262,https://www.zhihu.com/zvideo/1835771956173078532,,,,,,,,,,,,,,,,,,
263,https://www.zhihu.com/zvideo/1835772593455636480,,,,,,,,,,,,,,,,,,
264,https://www.zhihu.com/zvideo/1835772716826902528,,,,,,,,,,,,,,,,,,
265,https://www.zhihu.com/zvideo/1835772915779526659,,,,,,,,,,,,,,,,,,
266,https://www.zhihu.com/zvideo/1835986670664675329,,,,,,,,,,,,,,,,,,
267,https://www.zhihu.com/zvideo/1835986754869542912,,,,,,,,,,,,,,,,,,
268,https://www.zhihu.com/zvideo/1835986842022977538,,,,,,,,,,,,,,,,,,
269,https://www.zhihu.com/zvideo/1835986941016944640,,,,,,,,,,,,,,,,,,
270,https://www.zhihu.com/zvideo/1835987139969552384,,,,,,,,,,,,,,,,,,
271,https://www.zhihu.com/zvideo/1835987324191789058,,,,,,,,,,,,,,,,,,
272,https://www.zhihu.com/zvideo/1835987444819955712,,,,,,,,,,,,,,,,,,
273,https://www.zhihu.com/zvideo/1835987516454481921,,,,,,,,,,,,,,,,,,
274,https://www.zhihu.com/zvideo/1835988141347061760,,,,,,,,,,,,,,,,,,
275,https://www.zhihu.com/zvideo/1835988275812253698,,,,,,,,,,,,,,,,,,
276,https://www.zhihu.com/zvideo/1835988464086155264,,,,,,,,,,,,,,,,,,
277,https://www.zhihu.com/zvideo/1835988618558201856,,,,,,,,,,,,,,,,,,
278,https://www.zhihu.com/zvideo/1835988699634081793,,,,,,,,,,,,,,,,,,
279,https://www.zhihu.com/zvideo/1835988783541121025,,,,,,,,,,,,,,,,,,
280,https://www.zhihu.com/zvideo/1835988957122400256,,,,,,,,,,,,,,,,,,
281,https://www.zhihu.com/zvideo/1835989467061682177,,,,,,,,,,,,,,,,,,
282,https://www.zhihu.com/zvideo/1835989522174861312,,,,,,,,,,,,,,,,,,
283,https://www.zhihu.com/zvideo/1835989651636219906,,,,,,,,,,,,,,,,,,
284,https://www.zhihu.com/zvideo/1835989812781395969,,,,,,,,,,,,,,,,,,
285,https://www.zhihu.com/zvideo/1835990018998558723,,,,,,,,,,,,,,,,,,
286,https://www.zhihu.com/zvideo/1835426507482353664,,,,,,,,,,,,,,,,,,
287,https://www.zhihu.com/zvideo/1835426766837141504,,,,,,,,,,,,,,,,,,
288,https://www.zhihu.com/zvideo/1835427191338450944,,,,,,,,,,,,,,,,,,
289,https://www.zhihu.com/zvideo/1835427037403303937,,,,,,,,,,,,,,,,,,
290,https://www.zhihu.com/zvideo/1835427289132843009,,,,,,,,,,,,,,,,,,
291,https://www.zhihu.com/zvideo/1835427248880099328,,,,,,,,,,,,,,,,,,
292,https://www.zhihu.com/zvideo/1835427288872796160,,,,,,,,,,,,,,,,,,
293,https://www.zhihu.com/zvideo/1835431487194923009,,,,,,,,,,,,,,,,,,
294,,,,,,,,,,,,,,,,,,,
295,https://www.zhihu.com/zvideo/1835431591402414081,,,,,,,,,,,,,,,,,,
296,https://www.zhihu.com/zvideo/1835431674466406400,,,,,,,,,,,,,,,,,,
297,https://www.zhihu.com/zvideo/1835431750140047360,,,,,,,,,,,,,,,,,,
298,https://www.zhihu.com/zvideo/1835431785812598785,,,,,,,,,,,,,,,,,,
299,https://www.zhihu.com/zvideo/1835431854213296129,,,,,,,,,,,,,,,,,,
300,https://www.zhihu.com/zvideo/1835431899524390913,,,,,,,,,,,,,,,,,,
301,https://www.zhihu.com/zvideo/1835436088510013440,,,,,,,,,,,,,,,,,,
302,,,,,,,,,,,,,,,,,,,
303,,,,,,,,,,,,,,,,,,,
304,https://www.zhihu.com/zvideo/1835438109229199360,,,,,,,,,,,,,,,,,,
305,,,,,,,,,,,,,,,,,,,
306,https://www.zhihu.com/zvideo/1835630188496576515,,,,,,,,,,,,,,,,,,
307,https://www.zhihu.com/zvideo/1835630161170657283,,,,,,,,,,,,,,,,,,
308,https://www.zhihu.com/zvideo/1835630221900005378,,,,,,,,,,,,,,,,,,
309,https://www.zhihu.com/zvideo/1835630352695185408,,,,,,,,,,,,,,,,,,
310,https://www.zhihu.com/zvideo/1835630240568840192,,,,,,,,,,,,,,,,,,
311,https://www.zhihu.com/zvideo/1835630272307134465,,,,,,,,,,,,,,,,,,
312,https://www.zhihu.com/zvideo/1835630351063584770,,,,,,,,,,,,,,,,,,
313,https://www.zhihu.com/zvideo/1835630370520952833,,,,,,,,,,,,,,,,,,
314,https://www.zhihu.com/zvideo/1835630393337978880,,,,,,,,,,,,,,,,,,
315,https://www.zhihu.com/zvideo/1835630427076952065,,,,,,,,,,,,,,,,,,
316,https://www.zhihu.com/zvideo/1835630476234199042,,,,,,,,,,,,,,,,,,
317,https://www.zhihu.com/zvideo/1835630600876343298,,,,,,,,,,,,,,,,,,
318,https://www.zhihu.com/zvideo/1835630642236370945,,,,,,,,,,,,,,,,,,
319,https://www.zhihu.com/zvideo/1835630681650241537,,,,,,,,,,,,,,,,,,
320,https://www.zhihu.com/zvideo/1835630735937130496,,,,,,,,,,,,,,,,,,
321,https://www.zhihu.com/zvideo/1835630772742144000,,,,,,,,,,,,,,,,,,
322,https://www.zhihu.com/zvideo/1835630842485022720,,,,,,,,,,,,,,,,,,
323,https://www.zhihu.com/zvideo/1835630929231613952,,,,,,,,,,,,,,,,,,
324,https://www.zhihu.com/zvideo/1835630963100622849,,,,,,,,,,,,,,,,,,
325,https://www.zhihu.com/zvideo/1835631033791418370,,,,,,,,,,,,,,,,,,
326,https://www.zhihu.com/zvideo/1835686401225666560,,,,,,,,,,,,,,,,,,
327,https://www.zhihu.com/zvideo/1835686404585291777,,,,,,,,,,,,,,,,,,
328,https://www.zhihu.com/zvideo/1835686423489024003,,,,,,,,,,,,,,,,,,
329,https://www.zhihu.com/zvideo/1835686494649606144,,,,,,,,,,,,,,,,,,
330,https://www.zhihu.com/zvideo/1835686764754386947,,,,,,,,,,,,,,,,,,
331,,,,,,,,,,,,,,,,,,,
332,,,,,,,,,,,,,,,,,,,
333,,,,,,,,,,,,,,,,,,,
334,,,,,,,,,,,,,,,,,,,
335,,,,,,,,,,,,,,,,,,,
336,https://www.zhihu.com/zvideo/1835686879187582977,,,,,,,,,,,,,,,,,,
337,https://www.zhihu.com/zvideo/1835686969927151617,,,,,,,,,,,,,,,,,,
338,https://www.zhihu.com/zvideo/1835686970430459904,,,,,,,,,,,,,,,,,,
339,https://www.zhihu.com/zvideo/1835687019575140353,,,,,,,,,,,,,,,,,,
340,https://www.zhihu.com/zvideo/1835687059278405632,,,,,,,,,,,,,,,,,,
341,https://www.zhihu.com/zvideo/1835715243877224448,,,,,,,,,,,,,,,,,,
342,https://www.zhihu.com/zvideo/1835715697415696384,,,,,,,,,,,,,,,,,,
343,https://www.zhihu.com/zvideo/1835715808925466624,,,,,,,,,,,,,,,,,,
344,https://www.zhihu.com/zvideo/1835716903206793216,,,,,,,,,,,,,,,,,,
345,https://www.zhihu.com/zvideo/1835716996173524993,,,,,,,,,,,,,,,,,,
346,https://www.zhihu.com/zvideo/1835978525787705344,,,,,,,,,,,,,,,,,,
347,https://www.zhihu.com/zvideo/1835978709686943746,,,,,,,,,,,,,,,,,,
348,https://www.zhihu.com/zvideo/1835978725117796352,,,,,,,,,,,,,,,,,,
349,https://www.zhihu.com/zvideo/1835978839379030017,,,,,,,,,,,,,,,,,,
350,https://www.zhihu.com/zvideo/1835979058778865664,,,,,,,,,,,,,,,,,,
351,https://www.zhihu.com/zvideo/1835979086532591616,,,,,,,,,,,,,,,,,,
352,https://www.zhihu.com/zvideo/1835979169135210496,,,,,,,,,,,,,,,,,,
353,https://www.zhihu.com/zvideo/1835979214970576897,,,,,,,,,,,,,,,,,,
354,https://www.zhihu.com/zvideo/1835979243697344515,,,,,,,,,,,,,,,,,,
355,https://www.zhihu.com/zvideo/1835979327956725760,,,,,,,,,,,,,,,,,,
356,https://www.zhihu.com/zvideo/1835979329756065793,,,,,,,,,,,,,,,,,,
357,https://www.zhihu.com/zvideo/1835979376937803776,,,,,,,,,,,,,,,,,,
358,https://www.zhihu.com/zvideo/1835979430276763652,,,,,,,,,,,,,,,,,,
359,https://www.zhihu.com/zvideo/1835979485360578563,,,,,,,,,,,,,,,,,,
360,https://www.zhihu.com/zvideo/1835979527362310144,,,,,,,,,,,,,,,,,,
361,https://www.zhihu.com/zvideo/1835981371551653888,,,,,,,,,,,,,,,,,,
362,https://www.zhihu.com/zvideo/1835981408750944260,,,,,,,,,,,,,,,,,,
363,https://www.zhihu.com/zvideo/1835981468473643010,,,,,,,,,,,,,,,,,,
364,https://www.zhihu.com/zvideo/1835981523259641858,,,,,,,,,,,,,,,,,,
365,https://www.zhihu.com/zvideo/1835981575495491584,,,,,,,,,,,,,,,,,,
366,https://www.zhihu.com/zvideo/1835983935282212865,,,,,,,,,,,,,,,,,,
367,https://www.zhihu.com/zvideo/1835983980664602624,,,,,,,,,,,,,,,,,,
368,https://www.zhihu.com/zvideo/1835984050864664576,,,,,,,,,,,,,,,,,,
369,https://www.zhihu.com/zvideo/1835984074721873920,,,,,,,,,,,,,,,,,,
370,https://www.zhihu.com/zvideo/1835984115746357248,,,,,,,,,,,,,,,,,,
371,https://www.zhihu.com/zvideo/1835984186806247426,,,,,,,,,,,,,,,,,,
372,https://www.zhihu.com/zvideo/1835984234847817728,,,,,,,,,,,,,,,,,,
373,https://www.zhihu.com/zvideo/1835984244909932545,,,,,,,,,,,,,,,,,,
374,https://www.zhihu.com/zvideo/1835984339604733956,,,,,,,,,,,,,,,,,,
375,https://www.zhihu.com/zvideo/1835984409473458178,,,,,,,,,,,,,,,,,,
376,https://www.zhihu.com/zvideo/1835992933880455168,,,,,,,,,,,,,,,,,,
377,https://www.zhihu.com/zvideo/1835993062763012097,,,,,,,,,,,,,,,,,,
378,https://www.zhihu.com/zvideo/1835993185056346113,,,,,,,,,,,,,,,,,,
379,https://www.zhihu.com/zvideo/1835993282309672961,,,,,,,,,,,,,,,,,,
380,https://www.zhihu.com/zvideo/1835993388803047424,,,,,,,,,,,,,,,,,,
381,https://www.zhihu.com/zvideo/1835993545686773760,,,,,,,,,,,,,,,,,,
382,https://www.zhihu.com/zvideo/1835993713026936832,,,,,,,,,,,,,,,,,,
383,https://www.zhihu.com/zvideo/1835993981537894402,,,,,,,,,,,,,,,,,,
384,https://www.zhihu.com/zvideo/1835994108017127424,,,,,,,,,,,,,,,,,,
385,https://www.zhihu.com/zvideo/1835994294135173121,,,,,,,,,,,,,,,,,,
386,https://www.zhihu.com/zvideo/1835994377241100290,,,,,,,,,,,,,,,,,,
387,https://www.zhihu.com/zvideo/1835994558208557056,,,,,,,,,,,,,,,,,,
388,https://www.zhihu.com/zvideo/1835996573449986049,,,,,,,,,,,,,,,,,,
389,https://www.zhihu.com/zvideo/1835996644157550594,,,,,,,,,,,,,,,,,,
390,https://www.zhihu.com/zvideo/1835996751032610817,,,,,,,,,,,,,,,,,,
391,https://www.zhihu.com/zvideo/1835996865822351363,,,,,,,,,,,,,,,,,,
392,https://www.zhihu.com/zvideo/1835996925851222016,,,,,,,,,,,,,,,,,,
393,https://www.zhihu.com/zvideo/1835997092721586177,,,,,,,,,,,,,,,,,,
394,https://www.zhihu.com/zvideo/1835997159809490944,,,,,,,,,,,,,,,,,,
395,https://www.zhihu.com/zvideo/1835997340269416448,,,,,,,,,,,,,,,,,,
396,https://www.zhihu.com/zvideo/1835998469627715584,,,,,,,,,,,,,,,,,,
397,https://www.zhihu.com/zvideo/1835998558416945152,,,,,,,,,,,,,,,,,,
398,https://www.zhihu.com/zvideo/1835998931923890176,,,,,,,,,,,,,,,,,,
399,https://www.zhihu.com/zvideo/1835999021187080194,,,,,,,,,,,,,,,,,,
400,https://www.zhihu.com/zvideo/1835999106163675137,,,,,,,,,,,,,,,,,,
401,https://www.zhihu.com/zvideo/1835999232303177729,,,,,,,,,,,,,,,,,,
402,https://www.zhihu.com/zvideo/1835999324506578944,,,,,,,,,,,,,,,,,,
403,https://www.zhihu.com/zvideo/1835999409172779008,,,,,,,,,,,,,,,,,,
404,https://www.zhihu.com/zvideo/1835999492551356416,,,,,,,,,,,,,,,,,,
405,https://www.zhihu.com/zvideo/1835999569260978178,,,,,,,,,,,,,,,,,,
406,https://www.zhihu.com/zvideo/1835282326273277953,,,,,,,,,,,,,,,,,,
407,https://www.zhihu.com/zvideo/1835283452070588419,,,,,,,,,,,,,,,,,,
408,https://www.zhihu.com/zvideo/1835283707289808896,,,,,,,,,,,,,,,,,,
409,https://www.zhihu.com/zvideo/1835284038325264384,,,,,,,,,,,,,,,,,,
410,https://www.zhihu.com/zvideo/1835284392135757826,,,,,,,,,,,,,,,,,,
411,https://www.zhihu.com/zvideo/1835286226187464706,,,,,,,,,,,,,,,,,,
412,https://www.zhihu.com/zvideo/1835286332143976449,,,,,,,,,,,,,,,,,,
413,https://www.zhihu.com/zvideo/1835287506641362946,,,,,,,,,,,,,,,,,,
414,https://www.zhihu.com/zvideo/1835287834476552193,,,,,,,,,,,,,,,,,,
415,https://www.zhihu.com/zvideo/1835288310953689090,,,,,,,,,,,,,,,,,,
416,https://www.zhihu.com/zvideo/1835288452746326016,,,,,,,,,,,,,,,,,,
417,https://www.zhihu.com/zvideo/1835289000568553474,,,,,,,,,,,,,,,,,,
418,https://www.zhihu.com/zvideo/1835289229229436929,,,,,,,,,,,,,,,,,,
419,https://www.zhihu.com/zvideo/1835289659044941824,,,,,,,,,,,,,,,,,,
420,https://www.zhihu.com/zvideo/1835289957004107779,,,,,,,,,,,,,,,,,,
421,https://www.zhihu.com/zvideo/1835290046422454273,,,,,,,,,,,,,,,,,,
422,https://www.zhihu.com/zvideo/1835290978992410626,,,,,,,,,,,,,,,,,,
423,https://www.zhihu.com/zvideo/1835290250001399808,,,,,,,,,,,,,,,,,,
424,https://www.zhihu.com/zvideo/1835797056142327808,,,,,,,,,,,,,,,,,,
425,https://www.zhihu.com/zvideo/1835290550531670019,,,,,,,,,,,,,,,,,,
426,https://www.zhihu.com/zvideo/1835684247454744577,,,,,,,,,,,,,,,,,,
427,https://www.zhihu.com/zvideo/1835684276626141186,,,,,,,,,,,,,,,,,,
428,https://www.zhihu.com/zvideo/1835684519178534913,,,,,,,,,,,,,,,,,,
429,https://www.zhihu.com/zvideo/1835684679585497088,,,,,,,,,,,,,,,,,,
430,https://www.zhihu.com/zvideo/1835684511746248705,,,,,,,,,,,,,,,,,,
431,https://www.zhihu.com/zvideo/1835684638481321984,,,,,,,,,,,,,,,,,,
432,https://www.zhihu.com/zvideo/1835684642302345216,,,,,,,,,,,,,,,,,,
433,https://www.zhihu.com/zvideo/1835684675949051905,,,,,,,,,,,,,,,,,,
434,https://www.zhihu.com/zvideo/1835687266326044672,,,,,,,,,,,,,,,,,,
435,https://www.zhihu.com/zvideo/1835687193261264898,,,,,,,,,,,,,,,,,,
436,https://www.zhihu.com/zvideo/1835687250496720896,,,,,,,,,,,,,,,,,,
437,https://www.zhihu.com/zvideo/1835687112810303488,,,,,,,,,,,,,,,,,,
438,https://www.zhihu.com/zvideo/1835687174349123584,,,,,,,,,,,,,,,,,,
439,https://www.zhihu.com/zvideo/1835687214790631424,,,,,,,,,,,,,,,,,,
440,https://www.zhihu.com/zvideo/1835687214790631424,,,,,,,,,,,,,,,,,,
441,https://www.zhihu.com/zvideo/1835687114420908032,,,,,,,,,,,,,,,,,,
442,https://www.zhihu.com/zvideo/1835687112021786625,,,,,,,,,,,,,,,,,,
443,https://www.zhihu.com/zvideo/1835687110440513538,,,,,,,,,,,,,,,,,,
444,https://www.zhihu.com/zvideo/1835687074965118976,,,,,,,,,,,,,,,,,,
445,https://www.zhihu.com/zvideo/1835687958033879041,,,,,,,,,,,,,,,,,,
446,https://www.zhihu.com/zvideo/1835692443380637696,,,,,,,,,,,,,,,,,,
447,https://www.zhihu.com/zvideo/1835692416956518401,,,,,,,,,,,,,,,,,,
448,https://www.zhihu.com/zvideo/1835692441027629056,,,,,,,,,,,,,,,,,,
449,https://www.zhihu.com/zvideo/1835694180497752064,,,,,,,,,,,,,,,,,,
450,https://www.zhihu.com/zvideo/1835694337557663744,,,,,,,,,,,,,,,,,,
451,https://www.zhihu.com/zvideo/1835694199812526080,,,,,,,,,,,,,,,,,,
452,https://www.zhihu.com/zvideo/1835694199812526080,,,,,,,,,,,,,,,,,,
453,https://www.zhihu.com/zvideo/1835694204107509760,,,,,,,,,,,,,,,,,,
454,https://www.zhihu.com/zvideo/1835693993637322752,,,,,,,,,,,,,,,,,,
455,https://www.zhihu.com/zvideo/1835694118195580928,,,,,,,,,,,,,,,,,,
456,https://www.zhihu.com/zvideo/1835694240941891586,,,,,,,,,,,,,,,,,,
457,https://www.zhihu.com/zvideo/1835694047248916481,,,,,,,,,,,,,,,,,,
458,https://www.zhihu.com/zvideo/1835694114097721344,,,,,,,,,,,,,,,,,,
459,https://www.zhihu.com/zvideo/1835694273288343552,,,,,,,,,,,,,,,,,,
460,https://www.zhihu.com/zvideo/1835694300211589122,,,,,,,,,,,,,,,,,,
461,https://www.zhihu.com/zvideo/1835694273112186880,,,,,,,,,,,,,,,,,,
462,https://www.zhihu.com/zvideo/1835694211577569280,,,,,,,,,,,,,,,,,,
463,https://www.zhihu.com/zvideo/1835694258503442433,,,,,,,,,,,,,,,,,,
464,https://www.zhihu.com/zvideo/1835694226169536513,,,,,,,,,,,,,,,,,,
465,https://www.zhihu.com/zvideo/1835694978279555072,,,,,,,,,,,,,,,,,,
466,https://www.zhihu.com/zvideo/1835697785409769472,,,,,,,,,,,,,,,,,,
467,https://www.zhihu.com/zvideo/1835697813041856512,,,,,,,,,,,,,,,,,,
468,https://www.zhihu.com/zvideo/1835697849490358272,,,,,,,,,,,,,,,,,,
469,https://www.zhihu.com/zvideo/1835697629033525249,,,,,,,,,,,,,,,,,,
470,https://www.zhihu.com/zvideo/1835797363278614528,,,,,,,,,,,,,,,,,,
471,https://www.zhihu.com/zvideo/1835697831840714753,,,,,,,,,,,,,,,,,,
472,https://www.zhihu.com/zvideo/1835697831840714753,,,,,,,,,,,,,,,,,,
473,https://www.zhihu.com/zvideo/1835697680698961924,,,,,,,,,,,,,,,,,,
474,https://www.zhihu.com/zvideo/1835699522254274560,,,,,,,,,,,,,,,,,,
475,https://www.zhihu.com/zvideo/1835699663090622464,,,,,,,,,,,,,,,,,,
476,https://www.zhihu.com/zvideo/1835699541497745409,,,,,,,,,,,,,,,,,,
477,https://www.zhihu.com/zvideo/1835699634699390976,,,,,,,,,,,,,,,,,,
478,https://www.zhihu.com/zvideo/1835699685035216897,,,,,,,,,,,,,,,,,,
479,https://www.zhihu.com/zvideo/1835699594337591296,,,,,,,,,,,,,,,,,,
480,https://www.zhihu.com/zvideo/1835699488179752960,,,,,,,,,,,,,,,,,,
481,https://www.zhihu.com/zvideo/1835699530496098304,,,,,,,,,,,,,,,,,,
482,https://www.zhihu.com/zvideo/1835699614164074497,,,,,,,,,,,,,,,,,,
483,https://www.zhihu.com/zvideo/1835699508866068480,,,,,,,,,,,,,,,,,,
484,https://www.zhihu.com/zvideo/1835699542147866625,,,,,,,,,,,,,,,,,,
485,https://www.zhihu.com/zvideo/1835699457632632832,,,,,,,,,,,,,,,,,,
486,https://www.zhihu.com/zvideo/1835951877910577152,,,,,,,,,,,,,,,,,,
487,https://www.zhihu.com/zvideo/1835951752672837632,,,,,,,,,,,,,,,,,,
488,https://www.zhihu.com/zvideo/1835951856033067008,,,,,,,,,,,,,,,,,,
489,https://www.zhihu.com/zvideo/1835951744368140288,,,,,,,,,,,,,,,,,,
490,https://www.zhihu.com/zvideo/1835951719936294912,,,,,,,,,,,,,,,,,,
491,https://www.zhihu.com/zvideo/1835951854447640576,,,,,,,,,,,,,,,,,,
492,https://www.zhihu.com/zvideo/1835951799829397505,,,,,,,,,,,,,,,,,,
493,https://www.zhihu.com/zvideo/1835951515690463232,,,,,,,,,,,,,,,,,,
494,https://www.zhihu.com/zvideo/1835951665108373505,,,,,,,,,,,,,,,,,,
495,https://www.zhihu.com/zvideo/1835951398853943297,,,,,,,,,,,,,,,,,,
496,https://www.zhihu.com/zvideo/1835951849326383104,,,,,,,,,,,,,,,,,,
497,https://www.zhihu.com/zvideo/1835951709161123840,,,,,,,,,,,,,,,,,,
498,https://www.zhihu.com/zvideo/1835951858193141760,,,,,,,,,,,,,,,,,,
499,https://www.zhihu.com/zvideo/1835951838412812288,,,,,,,,,,,,,,,,,,
500,https://www.zhihu.com/zvideo/1835951610028748802,,,,,,,,,,,,,,,,,,
501,https://www.zhihu.com/zvideo/1835951671768907776,,,,,,,,,,,,,,,,,,
502,https://www.zhihu.com/zvideo/1835951793802186752,,,,,,,,,,,,,,,,,,
503,https://www.zhihu.com/zvideo/1836001329438400512,,,,,,,,,,,,,,,,,,
504,https://www.zhihu.com/zvideo/1836001418550591489,,,,,,,,,,,,,,,,,,
505,https://www.zhihu.com/zvideo/1836001592320589824,,,,,,,,,,,,,,,,,,
506,https://www.zhihu.com/zvideo/1836001793475211265,,,,,,,,,,,,,,,,,,
507,https://www.zhihu.com/zvideo/1836001969979924480,,,,,,,,,,,,,,,,,,
508,https://www.zhihu.com/zvideo/1836002142328066048,,,,,,,,,,,,,,,,,,
509,https://www.zhihu.com/zvideo/1836002217599045632,,,,,,,,,,,,,,,,,,
510,https://www.zhihu.com/zvideo/1836002376588328960,,,,,,,,,,,,,,,,,,
511,https://www.zhihu.com/zvideo/1835988908468482048,,,,,,,,,,,,,,,,,,
512,https://www.zhihu.com/zvideo/1835989129705418752,,,,,,,,,,,,,,,,,,
513,https://www.zhihu.com/zvideo/1835989153008975874,,,,,,,,,,,,,,,,,,
514,https://www.zhihu.com/zvideo/1835989201843257345,,,,,,,,,,,,,,,,,,
515,https://www.zhihu.com/zvideo/1835989258277621762,,,,,,,,,,,,,,,,,,
516,https://www.zhihu.com/zvideo/1835989325734612992,,,,,,,,,,,,,,,,,,
517,https://www.zhihu.com/zvideo/1835989365307867136,,,,,,,,,,,,,,,,,,
518,https://www.zhihu.com/zvideo/1835989411373916162,,,,,,,,,,,,,,,,,,
519,https://www.zhihu.com/zvideo/1835989472149381120,,,,,,,,,,,,,,,,,,
520,https://www.zhihu.com/zvideo/1835989540336189440,,,,,,,,,,,,,,,,,,